path,copy,elbo_Y,rmsd,gdt_ts,gdt_ha,tm,lddt
../single_structure/1a/1a6d.A.pdb,0,-2.5956051349639893,44.936,0.0616,0.0333,0.1491,0.1559
../single_structure/1m/1mx7.A.pdb,0,-0.24878579378128052,2.193,0.7276,0.4981,0.8289,0.7405
