path,copy,elbo_Y,rmsd,gdt_ts,gdt_ha,tm,lddt
../single_structure/1a/1a6d.A.pdb,0,-1.9633092880249023,31.833,0.0577,0.0199,0.1896,0.1502
../single_structure/1m/1mx7.A.pdb,0,-0.5252097249031067,16.368,0.1716,0.1026,0.2237,0.3281
